question,answer_a,answer_b,run1_winner,run2_winner,winner_after_swap,run1_reason,run2_reason
What is the role of retrieval augmented generation in modern AI systems?,The role of retrieval augmented generation in modern AI systems is to improve factual grounding and reduce hallucination rates. It allows a language model to access external knowledge during inference time instead of relying solely on parametric memory. This enhances the model's ability to provide accurate and relevant responses by integrating external information.,The role of retrieval augmented generation in modern AI systems is to improve factual grounding and reduce hallucination rates. It allows a language model to access external knowledge during inference time instead of relying solely on parametric memory. This enhances the quality and reliability of the generated responses by providing contextual evidence from relevant documents.,tie,tie,tie,"Both answers provide a correct and complete explanation of the role of retrieval augmented generation in modern AI systems, emphasizing its impact on factual grounding and hallucination rates. They both highlight the access to external knowledge and the improvement in response quality, making them equivalent in terms of correctness, completeness, and grounding.","Both answers provide the same key points regarding the role of retrieval augmented generation in modern AI systems, including improving factual grounding, reducing hallucination rates, and accessing external knowledge. They are equivalent in correctness, completeness, and grounding."
What is the purpose of retrieval augmented generation in modern AI systems?,The purpose of retrieval augmented generation in modern AI systems is to improve factual grounding and reduce hallucination rates. It allows a language model to access external knowledge during inference time instead of relying solely on parametric memory.,The purpose of retrieval augmented generation in modern AI systems is to improve factual grounding and reduce hallucination rates. It allows a language model to access external knowledge during inference time instead of relying solely on parametric memory.,tie,tie,tie,"Both answers are identical and provide the same level of correctness, completeness, and grounding.","Both answers are identical and provide the same level of correctness, completeness, and grounding."
What are the key considerations engineers evaluate when implementing dense retrieval in enterprise AI systems?,"The key considerations engineers evaluate when implementing dense retrieval in enterprise AI systems include:

1. **Combination of Techniques**: The need for a combination of vector similarity search, keyword retrieval, metadata filtering, and reranking.
2. **Balancing Metrics**: Balancing latency, recall, and precision while remaining cost-effective.
3. **Evaluation of Strategies**: Comparing different implementation strategies and benchmarking retrieval quality.
4. **Tradeoffs**: Evaluating tradeoffs between cost, reliability, and scalability.
5. **Real-World Performance**: Ensuring that the system performs well in real-world workloads, not just in demos.
6. **Automated Benchmarks**: Utilizing automated benchmarks, synthetic test generation, and human review workflows for evaluation.
7. **Logging and Telemetry**: Implementing asynchronous logging and telemetry pipelines to analyze failures post-deployment.
8. **Tracking Metrics**: Monitoring metrics such as faithfulness, answer relevancy, context precision, and context recall.
9. **Multi-hop Retrieval Challenges**: Addressing challenges in multi-hop retrieval where relevant evidence may be distributed across multiple documents.
10. **Latency Optimization**: Making careful engineering decisions to optimize latency and operational costs.","The key considerations engineers evaluate when implementing dense retrieval in enterprise AI systems include:

1. **Combination of Techniques**: The need for a combination of vector similarity search, keyword retrieval, metadata filtering, and reranking.
2. **Balancing Metrics**: Balancing latency, recall, and precision while remaining cost-effective.
3. **Evaluation of Strategies**: Comparing different implementation strategies and benchmarking retrieval quality.
4. **Tradeoffs**: Evaluating tradeoffs between cost, reliability, and scalability.
5. **Real-World Performance**: Ensuring that the system performs well in real-world workloads, not just in demos with selected examples.
6. **Automated Evaluation**: Using automated benchmarks, synthetic test generation, and human review workflows for evaluation.
7. **Logging and Telemetry**: Implementing asynchronous logging and telemetry pipelines to analyze failures post-deployment.
8. **Tracking Metrics**: Monitoring metrics such as faithfulness, answer relevancy, context precision, and context recall.
9. **Multi-hop Retrieval Challenges**: Addressing challenges in multi-hop retrieval where relevant evidence may be distributed across multiple documents.
10. **Latency Optimization**: Making careful engineering decisions to optimize latency, avoiding excessive chunk counts and large prompts.",tie,tie,tie,"Both answers provide a comprehensive and equivalent list of key considerations for implementing dense retrieval in enterprise AI systems, covering the same points with slight variations in wording but no significant differences in content or completeness.","Both answers provide an equivalent list of key considerations for implementing dense retrieval in enterprise AI systems, with only minor wording differences that do not affect the overall correctness, completeness, or grounding."
What evaluation metrics are commonly tracked in sparse retrieval systems for enterprise AI?,"The commonly tracked evaluation metrics in sparse retrieval systems for enterprise AI include faithfulness, answer relevancy, context precision, and context recall.","The commonly tracked evaluation metrics in sparse retrieval systems for enterprise AI include faithfulness, answer relevancy, context precision, and context recall.",tie,tie,tie,Both answers are identical and provide the same information regarding the evaluation metrics tracked in sparse retrieval systems for enterprise AI.,Both answers are identical and provide the same information regarding the evaluation metrics tracked in sparse retrieval systems for enterprise AI.
What measures are commonly implemented to address security risks in embedding models within enterprise AI systems?,"Common measures implemented to address security risks in embedding models within enterprise AI systems include:

1. **Guardrail Systems**: These are added before and after the language model call. They include:
   - **Input Validation**: This may detect prompt injection attempts or personally identifiable information.
   - **Output Moderation**: This can filter unsafe responses.

2. **Evaluation Methods**: Continuous evaluation is critical to ensure the system performs well in real-world workloads. Teams use:
   - **Automated Benchmarks**
   - **Synthetic Test Generation**
   - **Human Review Workflows**

3. **Asynchronous Logging and Telemetry Pipelines**: Many organizations implement these to analyze failures after deployment, tracking metrics such as faithfulness, answer relevancy, context precision, and context recall.","Common measures implemented to address security risks in embedding models within enterprise AI systems include:

1. **Guardrail Systems**: These are added before and after the language model call. They include:
   - **Input Validation**: This may detect prompt injection attempts or personally identifiable information.
   - **Output Moderation**: This can filter unsafe responses.

2. **Evaluation Methods**: Continuous evaluation is critical to ensure the system performs well in real-world workloads. Teams use:
   - **Automated Benchmarks**
   - **Synthetic Test Generation**
   - **Human Review Workflows**

3. **Asynchronous Logging and Telemetry Pipelines**: Many organizations implement these to analyze failures after deployment, tracking metrics such as faithfulness, answer relevancy, context precision, and context recall.",tie,tie,tie,"Both answers are identical in content, correctness, completeness, and grounding.","Both answers are identical in content, correctness, completeness, and grounding."
What challenges are associated with multi-hop retrieval in enterprise AI systems?,"The challenges associated with multi-hop retrieval in enterprise AI systems include the difficulty of finding relevant evidence that may be distributed across multiple documents. This complexity leads retrieval systems to experiment with various strategies such as graph traversal, hybrid ranking, and iterative query reformulation. Additionally, engineers must evaluate tradeoffs between cost, reliability, and scalability while benchmarking retrieval quality.","The challenges associated with multi-hop retrieval in enterprise AI systems include the difficulty of finding relevant evidence that may be distributed across multiple documents. This complexity leads retrieval systems to experiment with various strategies such as graph traversal, hybrid ranking, and iterative query reformulation. Additionally, engineers must evaluate tradeoffs between cost, reliability, and scalability while benchmarking retrieval quality.",tie,tie,tie,"Both answers are identical in content, providing the same level of correctness, completeness, and grounding.","Both answers are identical in content, providing the same level of correctness, completeness, and grounding."
What is the purpose of guardrail systems in enterprise AI deployments?,"The purpose of guardrail systems in enterprise AI deployments is to ensure safety and reliability by implementing input validation to detect prompt injection attempts or personally identifiable information, and output moderation to filter unsafe responses. This helps to mitigate risks associated with the use of language models in real-world applications.","The purpose of guardrail systems in enterprise AI deployments is to ensure safety and reliability by implementing input validation to detect prompt injection attempts or personally identifiable information, and output moderation to filter unsafe responses. This helps to mitigate risks associated with the use of language models in real-world applications.",tie,tie,tie,"Both answers are identical in content, providing the same level of correctness, completeness, and grounding.","Both answers are identical in content, correctness, completeness, and grounding."
What is the role of document chunking in the architecture of semantic search in enterprise AI systems?,"Document chunking plays a crucial role in the architecture of semantic search in enterprise AI systems by enabling the effective retrieval of relevant information. It involves breaking down documents into smaller, manageable chunks, which are then processed to generate embeddings and indexed in a vector database. During query time, these relevant chunks are retrieved and provided as contextual evidence to a generation model. This process enhances the system's ability to deliver accurate and contextually relevant responses, thereby improving the overall quality of semantic search. Additionally, careful management of chunk sizes is essential to optimize latency and operational costs, as excessive chunk counts can negatively impact response times.","Document chunking plays a crucial role in the architecture of semantic search in enterprise AI systems by enabling the effective retrieval of relevant information. It involves breaking down documents into smaller, manageable chunks, which are then processed to generate embeddings and indexed in a vector database. During query time, these relevant chunks are retrieved and provided as contextual evidence to a generation model. This process enhances the system's ability to deliver accurate and contextually relevant responses, thereby improving the overall quality of semantic search. Additionally, careful management of chunk sizes is essential to optimize latency and operational costs, as excessive chunk counts can negatively impact response times.",tie,tie,tie,"Both answers are identical in content, providing a complete and correct explanation of the role of document chunking in semantic search within enterprise AI systems.","Both answers are identical in content, providing a complete and correct explanation of the role of document chunking in semantic search within enterprise AI systems."
What do engineers frequently compare when evaluating implementation strategies in enterprise AI systems?,"Engineers frequently compare different implementation strategies, benchmark retrieval quality, and evaluate tradeoffs between cost, reliability, and scalability when evaluating implementation strategies in enterprise AI systems.","Engineers frequently compare different implementation strategies, benchmark retrieval quality, and evaluate tradeoffs between cost, reliability, and scalability when evaluating implementation strategies in enterprise AI systems.",tie,tie,tie,"Both answers are identical in content, providing the same level of correctness, completeness, and grounding.","Both answers are identical and provide the same level of correctness, completeness, and grounding."
What are the key considerations for optimizing latency in modern AI systems?,"The key considerations for optimizing latency in modern AI systems include:

1. **Engineering Decisions**: Careful engineering decisions are crucial, as excessive chunk counts, overly large prompts, and sequential moderation pipelines can significantly increase response time and operational costs.

2. **Combination of Techniques**: Production deployments often require a combination of vector similarity search, keyword retrieval, metadata filtering, and reranking. These systems must balance latency, recall, and precision while remaining cost-effective.

3. **Retrieval Layer**: Utilizing a retrieval layer allows a language model to access external knowledge during inference time, which can help improve factual grounding and reduce hallucination rates.

4. **Evaluation of Strategies**: Engineers frequently compare different implementation strategies, benchmark retrieval quality, and evaluate tradeoffs between cost, reliability, and scalability.

5. **Asynchronous Logging and Metrics**: Implementing asynchronous logging and telemetry pipelines can help analyze failures post-deployment, and tracking metrics such as faithfulness, answer relevancy, context precision, and context recall is important.

6. **Multi-hop Retrieval Challenges**: Addressing the difficulties of multi-hop retrieval, where relevant evidence may be distributed across multiple documents, is essential for optimizing latency.

These considerations collectively contribute to the effective optimization of latency in modern AI systems.","The key considerations for optimizing latency in modern AI systems include:

1. **Engineering Decisions**: Careful engineering decisions are crucial, as excessive chunk counts, overly large prompts, and sequential moderation pipelines can significantly increase response time and operational costs.

2. **Combination of Techniques**: Production deployments often require a combination of vector similarity search, keyword retrieval, metadata filtering, and reranking. These systems must balance latency, recall, and precision while remaining cost-effective.

3. **Retrieval Layer**: Utilizing a retrieval layer allows a language model to access external knowledge during inference time, which can help improve factual grounding and reduce hallucination rates.

4. **Evaluation of Strategies**: Engineers frequently compare different implementation strategies, benchmark retrieval quality, and evaluate tradeoffs between cost, reliability, and scalability.

5. **Asynchronous Logging and Metrics**: Implementing asynchronous logging and telemetry pipelines can help analyze failures post-deployment, and tracking metrics such as faithfulness, answer relevancy, context precision, and context recall is important.

6. **Multi-hop Retrieval Challenges**: Addressing the difficulties of multi-hop retrieval, where relevant evidence may be distributed across multiple documents, is essential for optimizing latency.

These considerations collectively contribute to the effective optimization of latency in modern AI systems.",tie,tie,tie,"Both answers are identical in content, correctness, completeness, and grounding.","Both answers are identical in content, correctness, completeness, and grounding."
What engineering decisions are important for latency optimization in reranking pipelines?,"Important engineering decisions for latency optimization in reranking pipelines include:

1. **Managing Chunk Counts**: Excessive chunk counts can increase response time and operational costs.
2. **Prompt Size**: Using overly large prompts can also lead to increased latency.
3. **Pipeline Structure**: Implementing sequential moderation pipelines can substantially increase response time.

Additionally, engineers need to balance latency with recall and precision while remaining cost-effective in their production deployments.","Important engineering decisions for latency optimization in reranking pipelines include:

1. **Managing Chunk Counts**: Excessive chunk counts can increase response time and operational costs.
2. **Prompt Size**: Using overly large prompts can also lead to increased latency.
3. **Pipeline Structure**: Implementing sequential moderation pipelines can substantially increase response time.

Additionally, engineers must balance latency with other factors such as recall and precision while remaining cost-effective.",tie,tie,tie,"Both answers provide the same key points regarding latency optimization in reranking pipelines, including managing chunk counts, prompt size, and pipeline structure. They also emphasize the need to balance latency with recall, precision, and cost-effectiveness. The differences in wording do not affect the overall correctness or completeness of the information.","Both answers provide the same key points regarding latency optimization in reranking pipelines, including managing chunk counts, prompt size, and pipeline structure. They also emphasize the need to balance latency with recall, precision, and cost-effectiveness. The slight wording differences do not affect the overall correctness or completeness of the answers."
What is the purpose of retrieval augmented generation in modern AI systems?,The purpose of retrieval augmented generation in modern AI systems is to improve factual grounding and reduce hallucination rates. It allows a language model to access external knowledge during inference time instead of relying solely on parametric memory.,The purpose of retrieval augmented generation in modern AI systems is to improve factual grounding and reduce hallucination rates. It allows a language model to access external knowledge during inference time instead of relying solely on parametric memory.,tie,tie,tie,"Both answers are identical in content, correctness, completeness, and grounding.","Both answers are identical in content, providing the same level of correctness, completeness, and grounding."
What role does vector similarity search play in production deployments of enterprise AI systems?,"Vector similarity search plays a crucial role in production deployments of enterprise AI systems by being part of a combination of techniques that include keyword retrieval, metadata filtering, and reranking. These systems must balance latency, recall, and precision while remaining cost-effective. Engineers frequently compare different implementation strategies, benchmark retrieval quality, and evaluate tradeoffs between cost, reliability, and scalability in the context of vector databases. Additionally, vector similarity search is essential for enabling retrieval augmented generation, which improves factual grounding and reduces hallucination rates in AI models.","Vector similarity search plays a crucial role in production deployments of enterprise AI systems by being part of a combination of techniques that include keyword retrieval, metadata filtering, and reranking. These systems must balance latency, recall, and precision while remaining cost-effective. Engineers frequently compare different implementation strategies, benchmark retrieval quality, and evaluate tradeoffs between cost, reliability, and scalability, highlighting the importance of vector similarity search in achieving effective retrieval and overall system performance.",A,A,A,"Answer A provides a more comprehensive explanation by including the specific application of vector similarity search in retrieval augmented generation, which enhances factual grounding and reduces hallucination rates in AI models. This additional detail contributes to the completeness and grounding of the answer.","Answer B provides additional context by mentioning vector databases and the specific application of vector similarity search in retrieval augmented generation, which enhances factual grounding and reduces hallucination rates. This makes it more complete and informative compared to Answer A."
What challenges are associated with multi-hop retrieval in AI systems?,"The challenges associated with multi-hop retrieval in AI systems include:

1. **Distribution of Relevant Evidence**: Relevant evidence may be spread across multiple documents, making it difficult to gather all necessary information for a comprehensive response.

2. **Complex Retrieval Strategies**: Retrieval systems must experiment with various strategies such as graph traversal, hybrid ranking, and iterative query reformulation to effectively gather information.

3. **Balancing Trade-offs**: Engineers need to evaluate trade-offs between cost, reliability, and scalability while implementing different strategies for retrieval.

4. **Latency Optimization**: Excessive chunk counts, overly large prompts, and sequential moderation pipelines can increase response time and operational costs, complicating the retrieval process.

5. **Need for Effective Evaluation**: Continuous benchmarking of retrieval quality and the effectiveness of different implementation strategies is necessary to ensure optimal performance.","The challenges associated with multi-hop retrieval in AI systems include:

1. **Distribution of Relevant Evidence**: Relevant evidence may be spread across multiple documents, making it difficult to retrieve all necessary information effectively.

2. **Complex Retrieval Strategies**: Retrieval systems must experiment with various strategies such as graph traversal, hybrid ranking, and iterative query reformulation to address the complexity of multi-hop retrieval.

3. **Balancing Trade-offs**: Engineers need to evaluate trade-offs between cost, reliability, and scalability while implementing different strategies for retrieval.

4. **Latency Optimization**: Careful engineering decisions are required to optimize latency, as excessive chunk counts, large prompts, and sequential moderation can increase response time and operational costs.

5. **Evaluation of Retrieval Quality**: Continuous benchmarking of retrieval quality is necessary to ensure effective performance, which adds to the complexity of the system.",tie,tie,tie,"Both answers provide a comprehensive and correct overview of the challenges associated with multi-hop retrieval in AI systems. They cover the same key points with slight variations in wording, but neither answer is significantly better than the other in terms of correctness, completeness, or grounding.",Both answers provide a comprehensive and correct overview of the challenges associated with multi-hop retrieval in AI systems. They cover the same key points with slight variations in wording but do not differ significantly in correctness or completeness.
What is the role of document chunking in the architecture of modern AI systems?,"Document chunking plays a crucial role in the architecture of modern AI systems by enabling the effective retrieval of relevant information. It involves breaking down documents into smaller, manageable chunks, which are then embedded and indexed in a vector database. During query time, these relevant chunks are retrieved and provided as contextual evidence to a generation model. This process enhances the system's ability to ground its responses in factual information, thereby reducing hallucination rates and improving overall reliability. Additionally, careful chunking strategies are essential for optimizing latency, balancing retrieval quality, and managing operational costs in enterprise AI systems.","Document chunking plays a crucial role in the architecture of modern AI systems by enabling the efficient retrieval of relevant information. It involves breaking down documents into smaller, manageable chunks, which are then embedded and indexed in a vector database. During query time, these relevant chunks are retrieved and provided to a generation model as contextual evidence. This process enhances the system's ability to ground its responses in factual information, thereby reducing hallucination rates and improving overall reliability. Additionally, careful chunking strategies are essential for optimizing latency, balancing retrieval quality, and managing operational costs in enterprise AI systems.",tie,tie,tie,"Both answers provide an accurate and complete explanation of the role of document chunking in modern AI systems, with no significant differences in content or clarity.","Both answers provide the same information with only minor wording differences, making them equivalent in correctness, completeness, and grounding."
What ties embedding models to retrieval quality and cost in enterprise AI?,"Embedding models are tied to retrieval quality and cost in enterprise AI through the evaluation of different implementation strategies and the benchmarking of retrieval quality. Engineers assess tradeoffs between cost, reliability, and scalability while implementing these models. Additionally, production deployments require balancing latency, recall, and precision to remain cost-effective, which further connects embedding models to retrieval quality and operational costs.","Embedding models are tied to retrieval quality and cost in enterprise AI through the evaluation of different implementation strategies and the benchmarking of retrieval quality. Engineers assess tradeoffs between cost, reliability, and scalability while implementing these models. Additionally, production deployments require balancing latency, recall, and precision, which directly impacts operational costs. Metrics such as faithfulness, answer relevancy, context precision, and context recall are tracked to ensure effective retrieval performance, further linking embedding models to the overall quality and cost of retrieval systems.",B,B,B,"Answer B provides additional details about specific metrics (faithfulness, answer relevancy, context precision, and context recall) that are tracked to ensure effective retrieval performance, enhancing its completeness and grounding compared to Answer A.","Answer A provides a more comprehensive explanation by including specific metrics such as faithfulness, answer relevancy, context precision, and context recall, which are crucial for evaluating retrieval performance. This additional detail enhances the completeness and grounding of the response compared to Answer B."
"What do engineers consider for cost, reliability, and scalability in AI?","Engineers consider tradeoffs between cost, reliability, and scalability when comparing different implementation strategies, benchmarking retrieval quality, and evaluating the overall performance of AI systems.","Engineers consider tradeoffs between cost, reliability, and scalability when comparing different implementation strategies, benchmarking retrieval quality, and evaluating the overall performance of AI systems.",tie,tie,tie,"Both answers are identical and provide the same level of correctness, completeness, and grounding.","Both answers are identical and provide the same level of correctness, completeness, and grounding."
"What complicates multi-hop retrieval in AI, like evidence spread and latency?","Multi-hop retrieval is complicated by the distribution of relevant evidence across multiple documents, which necessitates the use of techniques like graph traversal, hybrid ranking, and iterative query reformulation. Additionally, latency optimization is a challenge due to factors such as excessive chunk counts, overly large prompts, and sequential moderation pipelines, all of which can increase response time and operational costs.","Multi-hop retrieval is complicated by the distribution of relevant evidence across multiple documents, which necessitates the use of techniques like graph traversal, hybrid ranking, and iterative query reformulation. Additionally, latency optimization is a challenge due to factors such as excessive chunk counts, overly large prompts, and sequential moderation pipelines, all of which can increase response time and operational costs.",tie,tie,tie,"Both answers are identical in content, providing the same level of correctness, completeness, and grounding.","Both answers are identical in content, providing the same level of correctness, completeness, and grounding."
"What's the impact of cost, reliability, and scalability on AI metrics?","The impact of cost, reliability, and scalability on AI metrics involves evaluating tradeoffs among these factors. Engineers frequently compare different implementation strategies and benchmark retrieval quality while considering how these elements affect performance. For instance, optimizing for latency can lead to increased operational costs, and balancing these aspects is crucial for effective production deployments. Overall, the interplay between cost, reliability, and scalability significantly influences the evaluation metrics used in enterprise AI systems.","The impact of cost, reliability, and scalability on AI metrics involves evaluating tradeoffs among these factors. Engineers frequently compare different implementation strategies and benchmark retrieval quality while considering how these elements affect performance. For instance, optimizing for latency can lead to increased operational costs, and balancing these aspects is crucial for effective production deployments. Overall, the interplay between cost, reliability, and scalability significantly influences the evaluation metrics used in enterprise AI systems.",tie,tie,tie,"Both answers are identical in content, providing the same level of correctness, completeness, and grounding.","Both answers are identical and provide the same level of correctness, completeness, and grounding."
What are the perks of an AI retrieval layer for accuracy?,"The perks of an AI retrieval layer for accuracy include improving factual grounding and reducing hallucination rates by allowing a language model to access external knowledge during inference time instead of relying solely on parametric memory. This enhances the model's ability to provide relevant and precise answers, as it can draw from a broader range of information. Additionally, the retrieval layer supports the evaluation of metrics such as faithfulness, answer relevancy, context precision, and context recall, which are critical for assessing the quality of responses in enterprise AI systems.","The perks of an AI retrieval layer for accuracy include:

1. **Improved Factual Grounding**: The retrieval layer allows a language model to access external knowledge during inference time, enhancing the accuracy of the information provided.

2. **Reduced Hallucination Rates**: By relying on external knowledge rather than solely on parametric memory, the retrieval layer helps to minimize instances where the model generates incorrect or fabricated information.

3. **Access to Relevant Evidence**: The retrieval layer can provide relevant chunks of information as contextual evidence, which can improve the precision and relevance of the responses generated by the model.

4. **Evaluation Metrics**: Organizations can track metrics such as faithfulness, answer relevancy, context precision, and context recall, which are critical for assessing and improving the accuracy of the AI system.

5. **Combination of Retrieval Techniques**: The use of various retrieval methods (e.g., vector similarity search, keyword retrieval) allows for a more comprehensive approach to retrieving accurate information.

Overall, the retrieval layer enhances the reliability and effectiveness of AI systems in providing accurate responses.",B,B,B,"Answer B is more complete as it provides a detailed list of specific perks, including improved factual grounding, reduced hallucination rates, access to relevant evidence, evaluation metrics, and the combination of retrieval techniques. This thoroughness enhances understanding and grounding compared to Answer A, which, while correct, is less detailed and lacks the structured breakdown of benefits.","Answer A provides a more detailed and structured explanation of the perks of an AI retrieval layer, including specific points about improved factual grounding, reduced hallucination rates, access to relevant evidence, evaluation metrics, and the combination of retrieval techniques. Answer B, while correct, is less comprehensive and lacks the depth and clarity found in Answer A."
What tradeoffs do engineers consider for bm25 retrieval quality vs. cost?,"Engineers consider tradeoffs between bm25 retrieval quality and cost by evaluating factors such as reliability, scalability, latency, recall, and precision. They aim to balance these aspects while ensuring the system remains cost-effective. Additionally, they benchmark retrieval quality against different implementation strategies to find the optimal solution that meets performance requirements without incurring excessive operational costs.","Engineers consider tradeoffs between bm25 retrieval quality and cost by evaluating various implementation strategies, benchmarking retrieval quality, and balancing factors such as reliability, scalability, latency, recall, and precision. They aim to remain cost-effective while ensuring that the system meets performance requirements, which may involve optimizing for latency and managing operational costs associated with excessive chunk counts and large prompts.",tie,tie,tie,"Both answers provide a similar level of correctness and completeness, addressing the tradeoffs engineers consider regarding bm25 retrieval quality and cost. They both mention key factors like reliability, scalability, latency, recall, and precision, and emphasize the importance of balancing these with cost-effectiveness. The slight differences in wording and additional details in Answer B do not significantly enhance its overall quality compared to Answer A.","Both answers provide a similar level of correctness and completeness regarding the tradeoffs engineers consider for bm25 retrieval quality versus cost. They both mention key factors like reliability, scalability, latency, recall, and precision, and emphasize the importance of balancing these with cost-effectiveness. The phrasing and structure differ slightly, but the core content is equivalent."
What factors balance for optimal AI latency?,"The factors that balance for optimal AI latency include latency, recall, and precision, while also remaining cost-effective. Additionally, careful engineering decisions regarding excessive chunk counts, overly large prompts, and sequential moderation pipelines are crucial, as these can significantly impact response time and operational cost.","The factors that balance for optimal AI latency include latency, recall, and precision, while also remaining cost-effective. Additionally, careful engineering decisions regarding excessive chunk counts, overly large prompts, and sequential moderation pipelines are crucial, as these can significantly impact response time and operational costs.",tie,tie,tie,"Both answers are identical in content, correctness, completeness, and grounding.","Both answers are identical in content, correctness, completeness, and grounding."
What balances latency and retrieval quality in AI?,"The balance of latency and retrieval quality in AI is achieved through a combination of vector similarity search, keyword retrieval, metadata filtering, and reranking. These systems must balance latency, recall, and precision while remaining cost effective. Engineers frequently compare different implementation strategies, benchmark retrieval quality, and evaluate tradeoffs between cost, reliability, and scalability.","The balance of latency and retrieval quality in AI is achieved through a combination of vector similarity search, keyword retrieval, metadata filtering, and reranking. These systems must balance latency, recall, and precision while remaining cost effective. Engineers frequently compare different implementation strategies, benchmark retrieval quality, and evaluate tradeoffs between cost, reliability, and scalability.",tie,tie,tie,"Both answers are identical and provide the same level of correctness, completeness, and grounding.","Both answers are identical and provide the same level of correctness, completeness, and grounding."
"How does integrating external knowledge via retrieval layers improve AI response accuracy, especially in multi-hop retrieval?","Integrating external knowledge via retrieval layers improves AI response accuracy by allowing the language model to access relevant information during inference time, rather than relying solely on its internal memory. This is particularly beneficial for multi-hop retrieval, where relevant evidence may be spread across multiple documents. Retrieval systems can utilize techniques such as graph traversal, hybrid ranking, and iterative query reformulation to effectively gather and synthesize this distributed information, thereby enhancing the accuracy and reliability of the AI's responses.","Integrating external knowledge via retrieval layers improves AI response accuracy by allowing language models to access relevant information during inference time, rather than relying solely on their internal memory. This is particularly beneficial for multi-hop retrieval, where relevant evidence may be spread across multiple documents. Retrieval systems can utilize techniques such as graph traversal, hybrid ranking, and iterative query reformulation to effectively gather and synthesize this distributed information, thereby enhancing the accuracy and reliability of the AI's responses.",tie,tie,tie,"Both answers are identical in content, providing the same level of correctness, completeness, and grounding.","Both answers are identical in content, providing the same level of correctness, completeness, and grounding."
"How do eval metrics help balance cost, reliability, and scalability in AI with document chunking and embedding?","Eval metrics help balance cost, reliability, and scalability in AI with document chunking and embedding by allowing engineers to compare different implementation strategies and benchmark retrieval quality. They provide insights into tradeoffs, ensuring that systems are optimized for performance while managing operational costs. Metrics such as faithfulness, answer relevancy, context precision, and context recall are tracked to evaluate the effectiveness of the system in real-world workloads, which is crucial for maintaining reliability and scalability.","Eval metrics help balance cost, reliability, and scalability in AI with document chunking and embedding by allowing engineers to compare different implementation strategies and benchmark retrieval quality. They provide insights into tradeoffs, ensuring that systems are optimized for performance while managing operational costs. Metrics such as faithfulness, answer relevancy, context precision, and context recall are tracked to evaluate the effectiveness of the system in real-world workloads, which is crucial for maintaining reliability and scalability.",tie,tie,tie,"Both answers are identical in content, providing the same level of correctness, completeness, and grounding.","Both answers are identical in content, providing the same level of correctness, completeness, and grounding."
What key strategies and metrics optimize reranking in enterprise AI?,"Key strategies to optimize reranking in enterprise AI include:

1. **Implementation Strategies**: Engineers frequently compare different implementation strategies to find the most effective approach for reranking.

2. **Benchmarking Retrieval Quality**: Regular benchmarking of retrieval quality helps in assessing the effectiveness of reranking methods.

3. **Tradeoff Evaluation**: Evaluating tradeoffs between cost, reliability, and scalability is crucial for optimizing reranking systems.

4. **Combination of Techniques**: Production deployments often require a combination of vector similarity search, keyword retrieval, metadata filtering, and reranking to achieve optimal performance.

5. **Latency, Recall, and Precision Balance**: Systems must balance latency, recall, and precision while remaining cost-effective.

Metrics commonly tracked to optimize reranking include:

- **Faithfulness**
- **Answer Relevancy**
- **Context Precision**
- **Context Recall**

These metrics help in assessing the performance and effectiveness of reranking pipelines in enterprise AI systems.","Key strategies to optimize reranking in enterprise AI include:

1. **Implementation Strategies**: Engineers frequently compare different implementation strategies to find the most effective approach for reranking.

2. **Benchmarking Retrieval Quality**: Regular benchmarking of retrieval quality helps in assessing the effectiveness of reranking methods.

3. **Tradeoff Evaluation**: Evaluating tradeoffs between cost, reliability, and scalability is crucial for optimizing reranking systems.

4. **Combination of Techniques**: Production deployments often require a combination of vector similarity search, keyword retrieval, metadata filtering, and reranking to achieve optimal performance.

5. **Latency, Recall, and Precision Balancing**: Systems must balance latency, recall, and precision while remaining cost-effective.

Metrics commonly tracked to optimize reranking include:

- **Faithfulness**
- **Answer Relevancy**
- **Context Precision**
- **Context Recall**

These metrics help in assessing the performance and effectiveness of reranking pipelines in enterprise AI systems.",tie,tie,tie,"Both answers are identical in content, structure, and detail, providing the same strategies and metrics for optimizing reranking in enterprise AI.","Both answers are identical in content, providing the same strategies and metrics for optimizing reranking in enterprise AI."
"What key strategies and metrics optimize latency in enterprise AI, especially for multi-hop retrieval and augmented generation?","Key strategies to optimize latency in enterprise AI, particularly for multi-hop retrieval and augmented generation, include:

1. **Asynchronous Logging and Telemetry**: Implementing these systems allows for post-deployment analysis of failures, which can help in identifying and addressing latency issues.

2. **Careful Engineering Decisions**: Avoiding excessive chunk counts, overly large prompts, and sequential moderation pipelines is crucial, as these factors can significantly increase response time and operational costs.

3. **Document Chunking and Vector Databases**: Using a common architectural pattern that involves chunking documents, generating embeddings, and indexing them in a vector database can streamline the retrieval process.

4. **Multi-hop Retrieval Techniques**: Experimenting with graph traversal, hybrid ranking, and iterative query reformulation can enhance the retrieval of relevant evidence distributed across multiple documents.

5. **Combination of Retrieval Methods**: Employing a mix of vector similarity search, keyword retrieval, metadata filtering, and reranking helps balance latency, recall, and precision while remaining cost-effective.

6. **Automated Evaluation Methods**: Utilizing automated benchmarks, synthetic test generation, and human review workflows ensures that the system performs well under real-world workloads.

Metrics commonly tracked to evaluate these strategies include faithfulness, answer relevancy, context precision, and context recall.","Key strategies to optimize latency in enterprise AI, particularly for multi-hop retrieval and augmented generation, include:

1. **Asynchronous Logging and Telemetry**: Implementing these systems allows for post-deployment analysis of failures, which can help in identifying latency issues.

2. **Metrics Tracking**: Monitoring metrics such as faithfulness, answer relevancy, context precision, and context recall helps in evaluating and optimizing performance.

3. **Careful Engineering Decisions**: Avoiding excessive chunk counts, overly large prompts, and sequential moderation pipelines is crucial, as these can significantly increase response time and operational costs.

4. **Document Chunking and Vector Databases**: Using a common architectural pattern that involves chunking documents, generating embeddings, and indexing them in a vector database can streamline retrieval processes.

5. **Multi-hop Retrieval Techniques**: Experimenting with graph traversal, hybrid ranking, and iterative query reformulation can improve the efficiency of retrieving relevant evidence distributed across multiple documents.

6. **Combination of Retrieval Methods**: Employing a mix of vector similarity search, keyword retrieval, metadata filtering, and reranking helps balance latency, recall, and precision while remaining cost-effective.

7. **Automated Benchmarks and Synthetic Test Generation**: Utilizing these methods for evaluation ensures that the system performs well under real-world workloads, which can help in identifying and mitigating latency issues.

These strategies collectively contribute to optimizing latency in enterprise AI systems.",B,tie,tie,"Answer B is more complete as it includes a specific mention of metrics tracking as a separate strategy, which enhances the overall understanding of how to optimize latency. Additionally, it provides a more detailed explanation of automated evaluation methods, making it more comprehensive.","Both answers provide a comprehensive overview of strategies and metrics for optimizing latency in enterprise AI, covering similar key points and maintaining correctness and completeness."
What role do embeddings play in modern AI architecture for latency and retrieval?,"Embeddings play a crucial role in modern AI architecture by enabling efficient retrieval of relevant information during inference time. They are used in conjunction with a retrieval layer that allows language models to access external knowledge, improving factual grounding and reducing hallucination rates. The architecture often involves document chunking, embedding generation, and indexing in a vector database, which facilitates the retrieval of relevant chunks to provide contextual evidence for the generation model. This process must balance latency, recall, and precision while remaining cost-effective, as excessive chunk counts and large prompts can increase response time and operational costs. Thus, embeddings are integral to optimizing both latency and retrieval quality in AI systems.","Embeddings play a crucial role in modern AI architecture by enabling efficient retrieval of relevant information during inference time. They are used in conjunction with a retrieval layer that allows language models to access external knowledge, improving factual grounding and reducing hallucination rates. The architecture often involves document chunking, embedding generation, and indexing in a vector database, which facilitates the retrieval of relevant chunks to provide contextual evidence for the generation model. This process must balance latency, recall, and precision while remaining cost-effective, as excessive chunk counts and large prompts can increase response time and operational costs. Thus, embeddings are integral to optimizing both latency and retrieval quality in AI systems.",tie,tie,tie,"Both answers are identical in content, providing a comprehensive and correct explanation of the role of embeddings in modern AI architecture for latency and retrieval.","Both answers are identical in content, providing a comprehensive and accurate explanation of the role of embeddings in modern AI architecture for latency and retrieval."
"What do engineers consider for cost, reliability, and performance in enterprise AI with RAG?","Engineers consider tradeoffs between cost, reliability, and performance in enterprise AI with RAG (retrieval augmented generation) by comparing different implementation strategies, benchmarking retrieval quality, and evaluating metrics such as latency, recall, and precision while ensuring cost-effectiveness. They also implement guardrail systems for input validation and output moderation to enhance reliability and performance.","Engineers consider tradeoffs between cost, reliability, and performance in enterprise AI with RAG (retrieval augmented generation) by comparing different implementation strategies, benchmarking retrieval quality, and evaluating metrics such as latency, recall, and precision while remaining cost effective. They also track metrics like faithfulness, answer relevancy, context precision, and context recall, and implement guardrail systems for input validation and output moderation to enhance reliability.",B,B,B,"Answer B provides a more comprehensive list of metrics, including faithfulness and answer relevancy, which adds depth to the discussion of performance evaluation. While both answers cover similar points, Answer B's additional metrics enhance its completeness.","Answer A provides a more comprehensive list of metrics, including faithfulness, answer relevancy, context precision, and context recall, which adds depth to the discussion of reliability and performance. This makes it more complete compared to Answer B."
"What factors do engineers consider for enterprise AI strategies, especially latency and retrieval quality?","Engineers consider several factors for enterprise AI strategies, particularly regarding latency and retrieval quality. They focus on:

1. **Latency Optimization**: Engineers make careful engineering decisions to optimize latency, as excessive chunk counts, overly large prompts, and sequential moderation pipelines can significantly increase response time and operational costs.

2. **Retrieval Quality**: Engineers benchmark retrieval quality and evaluate tradeoffs between cost, reliability, and scalability. They often use a combination of vector similarity search, keyword retrieval, metadata filtering, and reranking to balance latency, recall, and precision while remaining cost-effective.

3. **Evaluation Methods**: Automated benchmarks, synthetic test generation, and human review workflows are employed to ensure that the systems perform well in real-world workloads, as a demo may not accurately reflect performance under actual conditions.

4. **Architectural Patterns**: Common patterns include document chunking followed by embedding generation and indexing in a vector database, which helps in retrieving relevant chunks to provide contextual evidence during queries.

5. **Multi-hop Retrieval Challenges**: Engineers address the difficulty of multi-hop retrieval, where relevant evidence may be spread across multiple documents, by experimenting with graph traversal, hybrid ranking, and iterative query reformulation.

Overall, engineers must balance these factors to create effective enterprise AI systems that meet performance and quality standards.","Engineers consider several factors for enterprise AI strategies, particularly regarding latency and retrieval quality. They focus on:

1. **Latency Optimization**: Engineers make careful engineering decisions to optimize latency, as excessive chunk counts, overly large prompts, and sequential moderation pipelines can significantly increase response time and operational costs.

2. **Retrieval Quality**: Engineers benchmark retrieval quality and evaluate tradeoffs between cost, reliability, and scalability. They often use a combination of vector similarity search, keyword retrieval, metadata filtering, and reranking to balance latency, recall, and precision while remaining cost-effective.

3. **Evaluation Methods**: Automated benchmarks, synthetic test generation, and human review workflows are employed to ensure that the system performs well in real-world workloads, as a demo may not accurately reflect performance under actual conditions.

4. **Multi-hop Retrieval Challenges**: Engineers address the difficulty of multi-hop retrieval, where relevant evidence may be spread across multiple documents, by experimenting with techniques like graph traversal, hybrid ranking, and iterative query reformulation.

Overall, the balance between latency and retrieval quality is crucial, and engineers continuously compare different implementation strategies to achieve optimal performance.",A,A,A,"Answer A provides a more comprehensive overview by including specific architectural patterns related to retrieval, which enhances completeness. It also addresses multi-hop retrieval challenges in detail, making it more informative than Answer B.","Answer B includes an additional point about architectural patterns, which enhances completeness by providing more context on how engineers structure their systems for optimal performance. This makes it a more comprehensive response compared to Answer A."
